-- phpMyAdmin SQL Dump
-- version 4.8.3
-- https://www.phpmyadmin.net/
--
-- Host: 127.0.0.1
-- Generation Time: Sep 09, 2019 at 01:08 AM
-- Server version: 10.1.37-MariaDB
-- PHP Version: 7.2.12

SET SQL_MODE = "NO_AUTO_VALUE_ON_ZERO";
SET AUTOCOMMIT = 0;
START TRANSACTION;
SET time_zone = "+00:00";


/*!40101 SET @OLD_CHARACTER_SET_CLIENT=@@CHARACTER_SET_CLIENT */;
/*!40101 SET @OLD_CHARACTER_SET_RESULTS=@@CHARACTER_SET_RESULTS */;
/*!40101 SET @OLD_COLLATION_CONNECTION=@@COLLATION_CONNECTION */;
/*!40101 SET NAMES utf8mb4 */;

--
-- Database: `pizzanova`
--

-- --------------------------------------------------------

--
-- Table structure for table `bitacoras`
--

CREATE TABLE `bitacoras` (
  `id_bitacora` int(10) UNSIGNED NOT NULL,
  `usuario` varchar(50) DEFAULT NULL,
  `fecha` timestamp NOT NULL DEFAULT CURRENT_TIMESTAMP,
  `accion` varchar(50) NOT NULL,
  `id_usuario` int(10) UNSIGNED DEFAULT NULL
) ENGINE=InnoDB DEFAULT CHARSET=latin1;

-- --------------------------------------------------------

--
-- Table structure for table `cargo`
--

CREATE TABLE `cargo` (
  `id_Cargo` int(10) UNSIGNED NOT NULL,
  `nombre_Cargo` varchar(50) DEFAULT NULL
) ENGINE=InnoDB DEFAULT CHARSET=latin1;

--
-- Dumping data for table `cargo`
--

INSERT INTO `cargo` (`id_Cargo`, `nombre_Cargo`) VALUES
(1, 'admin');

-- --------------------------------------------------------

--
-- Table structure for table `categorias`
--

CREATE TABLE `categorias` (
  `id_categoria` int(10) UNSIGNED NOT NULL,
  `nombre_categoria` varchar(50) NOT NULL,
  `descripcion` varchar(1000) NOT NULL,
  `foto_categoria` varchar(50) DEFAULT NULL,
  `estado` tinyint(1) NOT NULL DEFAULT '1' COMMENT '1 es activo 0 es inactivo'
) ENGINE=InnoDB DEFAULT CHARSET=latin1;

--
-- Dumping data for table `categorias`
--

INSERT INTO `categorias` (`id_categoria`, `nombre_categoria`, `descripcion`, `foto_categoria`, `estado`) VALUES
(4, 'Pizzas', 'Son muy sabrosas', '5d50d81857bf0.jpg', 1),
(5, 'Bebidas', 'Son muy sabrosas', '5d50d850be375.jpg', 1),
(6, 'Postres', 'Son muy sobrosos', '5d50d88c03796.jpg', 1),
(7, 'Ensaladas', 'Son muy sabrosas', '5d50d8ced9bd1.jpeg', 1),
(8, 'Pastas', 'Son muy ricas', '5d50d8fedfbbb.jpg', 1),
(9, 'Entradas', 'De todo tipo', '5d523942b1c72.jpg', 1);

-- --------------------------------------------------------

--
-- Table structure for table `desperdicios`
--

CREATE TABLE `desperdicios` (
  `id_desperdicios` int(11) NOT NULL,
  `id_receta` int(10) UNSIGNED NOT NULL,
  `id_usuario` int(10) UNSIGNED NOT NULL,
  `id_empleado` int(10) UNSIGNED NOT NULL,
  `cantidad` int(11) NOT NULL,
  `fecha_desperdicio` datetime NOT NULL DEFAULT CURRENT_TIMESTAMP
) ENGINE=InnoDB DEFAULT CHARSET=latin1;

-- --------------------------------------------------------

--
-- Table structure for table `detalle_pedido`
--

CREATE TABLE `detalle_pedido` (
  `id_detalle` int(10) UNSIGNED NOT NULL,
  `id_pedido` int(11) UNSIGNED NOT NULL,
  `id_platillo` int(11) NOT NULL,
  `cantidad` int(11) NOT NULL
) ENGINE=InnoDB DEFAULT CHARSET=latin1;

--
-- Dumping data for table `detalle_pedido`
--

INSERT INTO `detalle_pedido` (`id_detalle`, `id_pedido`, `id_platillo`, `cantidad`) VALUES
(45, 129, 17, 1),
(46, 129, 18, 2),
(47, 130, 20, 1),
(48, 130, 15, 1),
(49, 131, 14, 2),
(50, 131, 18, 8),
(51, 131, 19, 2),
(52, 132, 16, 1),
(53, 132, 21, 1),
(54, 132, 15, 1),
(55, 133, 21, 1),
(56, 133, 19, 1),
(57, 134, 18, 1),
(58, 135, 17, 1),
(59, 136, 15, 1),
(60, 137, 14, 1),
(61, 138, 16, 2),
(62, 139, 18, 1),
(63, 140, 22, 1),
(64, 140, 14, 1),
(65, 140, 18, 1),
(66, 141, 22, 1),
(67, 142, 19, 1),
(68, 143, 24, 1),
(69, 143, 15, 2),
(70, 144, 26, 2),
(71, 144, 25, 3),
(72, 145, 14, 1),
(73, 145, 16, 1),
(74, 145, 18, 2);

-- --------------------------------------------------------

--
-- Table structure for table `empleados`
--

CREATE TABLE `empleados` (
  `id_empleado` int(10) UNSIGNED NOT NULL,
  `nombre_empleado` varchar(20) NOT NULL,
  `apellido_empleado` varchar(20) NOT NULL,
  `dui` varchar(10) NOT NULL,
  `direccion` varchar(100) NOT NULL,
  `telefono` varchar(9) NOT NULL,
  `genero` enum('M','F') DEFAULT NULL,
  `fecha_nacimiento` date NOT NULL,
  `nacionalidad` varchar(50) NOT NULL,
  `correo` varchar(100) NOT NULL,
  `id_Cargo` int(10) UNSIGNED DEFAULT NULL,
  `id_usuario` int(10) UNSIGNED DEFAULT NULL
) ENGINE=InnoDB DEFAULT CHARSET=latin1;

-- --------------------------------------------------------

--
-- Table structure for table `encabezadofactura`
--

CREATE TABLE `encabezadofactura` (
  `id_EncabezadoFac` int(10) UNSIGNED NOT NULL,
  `nombre_cliente` varchar(50) DEFAULT NULL,
  `id_empleado` int(10) UNSIGNED DEFAULT NULL
) ENGINE=InnoDB DEFAULT CHARSET=latin1;

-- --------------------------------------------------------

--
-- Table structure for table `materiasprimas`
--

CREATE TABLE `materiasprimas` (
  `idMateria` int(10) UNSIGNED NOT NULL,
  `nombre_materia` varchar(50) NOT NULL,
  `descripcion` varchar(50) DEFAULT NULL,
  `cantidad` int(11) DEFAULT NULL,
  `foto` varchar(100) DEFAULT NULL,
  `id_categoria` int(10) UNSIGNED DEFAULT NULL,
  `id_Medida` int(10) UNSIGNED DEFAULT NULL,
  `estado` tinyint(1) NOT NULL DEFAULT '1' COMMENT '1 es activo 0 es inactivo'
) ENGINE=InnoDB DEFAULT CHARSET=latin1;

--
-- Dumping data for table `materiasprimas`
--

INSERT INTO `materiasprimas` (`idMateria`, `nombre_materia`, `descripcion`, `cantidad`, `foto`, `id_categoria`, `id_Medida`, `estado`) VALUES
(4, 'Harinaaa', 'Bolsas Maseca', 6, '5d50d9b9be124.png', 4, 5, 1),
(5, 'Harinaaa', 'Bolsas Maseca', 6, '5d50d9f54ce96.jpg', 4, 5, 1),
(6, 'Harinaaa', 'Bolsas Maseca', 6, '5d50da30af861.jpg', 4, 7, 1),
(7, 'Harinaaa', 'Bolsas Maseca', 6, '5d50da6d548c8.jpg', 5, 5, 1),
(8, 'Harinaaa', 'Bolsas Maseca', 6, '5d50daa072e78.jpg', 6, 5, 1),
(9, 'Harinaaa', 'Bolsas Maseca', 6, '5d50dacf71f65.jpg', 6, 7, 1),
(10, 'Harinaaa', 'Bolsas Maseca', 6, '5d50dafa4cbd7.jpg', 7, 5, 1),
(11, 'Harinaaa', 'Bolsas Maseca', 6, '5d51ce3a07d41.jpg', 4, 5, 1),
(12, 'Harinaaa', 'Bolsas Maseca', 6, '5d523a6eaf7cd.jpg', 9, 5, 1),
(13, 'Harinaaa', 'Bolsas Maseca', 6, '5d523ac7bf5a0.jpg', 7, 4, 1),
(14, 'Harinaaa', 'Bolsas Maseca', 6, '5d523b0258ce3.jpg', 4, 5, 1),
(15, 'Harinaaa', 'Bolsas Maseca', 6, '5d523b331f60a.jpg', 5, 8, 1),
(17, 'Harinaaa', 'Bolsas Maseca', 6, NULL, NULL, NULL, 1);

-- --------------------------------------------------------

--
-- Table structure for table `mesas`
--

CREATE TABLE `mesas` (
  `id_mesa` int(10) UNSIGNED NOT NULL,
  `numero_mesa` int(10) UNSIGNED NOT NULL,
  `estado_mesa` tinyint(4) NOT NULL DEFAULT '1'
) ENGINE=InnoDB DEFAULT CHARSET=latin1;

--
-- Dumping data for table `mesas`
--

INSERT INTO `mesas` (`id_mesa`, `numero_mesa`, `estado_mesa`) VALUES
(1, 1, 1),
(2, 2, 1),
(3, 3, 1),
(4, 4, 1),
(5, 5, 1),
(6, 6, 1),
(7, 7, 1),
(8, 8, 1),
(9, 9, 1),
(13, 11, 1),
(14, 10, 1),
(15, 20, 1),
(16, 50, 0),
(17, 12, 1),
(18, 13, 1);

-- --------------------------------------------------------

--
-- Table structure for table `pedidos`
--

CREATE TABLE `pedidos` (
  `id_pedido` int(11) UNSIGNED NOT NULL,
  `fecha_pedido` datetime NOT NULL DEFAULT CURRENT_TIMESTAMP,
  `id_mesa` int(10) UNSIGNED NOT NULL,
  `id_usuario` int(10) UNSIGNED NOT NULL
) ENGINE=InnoDB DEFAULT CHARSET=latin1;

--
-- Dumping data for table `pedidos`
--

INSERT INTO `pedidos` (`id_pedido`, `fecha_pedido`, `id_mesa`, `id_usuario`) VALUES
(129, '2019-08-11 21:36:40', 1, 1),
(130, '2019-08-11 21:37:24', 1, 1),
(131, '2019-08-11 21:37:50', 4, 1),
(132, '2019-08-11 21:38:21', 14, 1),
(133, '2019-08-11 21:39:00', 15, 1),
(134, '2019-08-12 09:14:33', 1, 1),
(135, '2019-08-12 09:16:00', 1, 1),
(136, '2019-08-12 09:18:20', 1, 1),
(137, '2019-08-12 09:20:17', 1, 1),
(138, '2019-08-12 09:21:02', 1, 1),
(139, '2019-08-12 14:39:57', 1, 1),
(140, '2019-08-12 22:18:47', 1, 1),
(141, '2019-08-12 22:24:22', 1, 1),
(142, '2019-08-13 08:23:37', 1, 1),
(143, '2019-08-13 08:31:32', 1, 1),
(144, '2019-05-01 08:46:14', 4, 1),
(145, '2019-05-01 09:02:18', 9, 1);

-- --------------------------------------------------------

--
-- Table structure for table `platillos`
--

CREATE TABLE `platillos` (
  `id_platillo` int(10) UNSIGNED NOT NULL,
  `nombre_platillo` varchar(50) NOT NULL,
  `precio` double(6,2) DEFAULT NULL,
  `estado` tinyint(1) NOT NULL DEFAULT '1' COMMENT '1 es activo 0 es inactivo',
  `id_receta` int(10) UNSIGNED DEFAULT NULL,
  `id_categoria` int(10) UNSIGNED DEFAULT NULL,
  `imagen` varchar(50) DEFAULT NULL
) ENGINE=InnoDB DEFAULT CHARSET=latin1;

--
-- Dumping data for table `platillos`
--

INSERT INTO `platillos` (`id_platillo`, `nombre_platillo`, `precio`, `estado`, `id_receta`, `id_categoria`, `imagen`) VALUES
(14, 'Pizza de jamón grande', 15.01, 1, 4, 4, '5d50dcb597223.jpg'),
(15, 'Jugo de naranja', 2.50, 1, 5, 5, '5d50dcfea056b.jpg'),
(16, 'Porción de pastel de chocolate', 3.25, 1, 6, 6, '5d50dd34c6f73.jpg'),
(17, 'Pizza Hawaiana personal', 5.01, 1, 7, 4, '5d50dd64a82ca.jpg'),
(18, 'Coca Cola', 0.99, 1, 8, 5, '5d50dd8d5cbb9.jpg'),
(19, 'Fanta', 0.99, 1, 8, 5, '5d50ddd2d3d98.jpg'),
(20, 'Ensalada Parmesana', 11.99, 1, 9, 7, '5d50de18b390c.jpg'),
(21, 'Pizza de jamón pequeña', 4.99, 1, 4, 4, '5d50de666babf.jpg'),
(22, 'Pan con ajo orden de 2', 5.01, 1, 10, 9, '5d5239eba095b.jpg'),
(23, 'Pan con ajo orden de 4', 7.01, 1, 10, 9, '5d523a0aac1ed.jpg'),
(24, 'Pizza Hawaiana grande', 15.01, 1, 7, 4, '5d52c99cc7771.jpg'),
(25, 'Pizza hawaiana mediana', 7.01, 1, 7, 4, '5d52cd00c06e5.jpg'),
(26, 'Pizza de jamón mediana', 7.01, 1, 4, 4, '5d52cd1a99de0.jpg');

-- --------------------------------------------------------

--
-- Table structure for table `pre_pedido`
--

CREATE TABLE `pre_pedido` (
  `id_prepedido` int(10) UNSIGNED NOT NULL,
  `id_mesa` int(10) UNSIGNED NOT NULL,
  `id_platillo` int(10) UNSIGNED NOT NULL,
  `cantidad` int(10) UNSIGNED NOT NULL
) ENGINE=InnoDB DEFAULT CHARSET=latin1;

-- --------------------------------------------------------

--
-- Table structure for table `receta`
--

CREATE TABLE `receta` (
  `id_receta` int(10) UNSIGNED NOT NULL,
  `nombre_receta` varchar(1000) NOT NULL,
  `tiempo` varchar(11) NOT NULL,
  `elaboracion` varchar(350) NOT NULL,
  `id_categoria` int(10) UNSIGNED DEFAULT NULL,
  `idMateria` int(10) UNSIGNED DEFAULT NULL
) ENGINE=InnoDB DEFAULT CHARSET=latin1;

--
-- Dumping data for table `receta`
--

INSERT INTO `receta` (`id_receta`, `nombre_receta`, `tiempo`, `elaboracion`, `id_categoria`, `idMateria`) VALUES
(4, 'Pizza de jamón', '15 min', '', 4, 6),
(5, 'Jugo de naranja', '5 min', '', 5, 7),
(6, 'Pastel de chocolate', '7 min', '', 6, 9),
(7, 'Pizza Hawaiana', '15 min', '', 4, 5),
(8, 'Gaseosa', '0 min', '', 5, NULL),
(9, 'Ensalada Casera', '8 min', '', 7, 10),
(10, 'Pan con ajo', '5 min', '', 9, 4);

-- --------------------------------------------------------

--
-- Table structure for table `tareas`
--

CREATE TABLE `tareas` (
  `id_tarea` int(10) UNSIGNED NOT NULL,
  `mensaje` varchar(80) NOT NULL,
  `importancia` varchar(50) NOT NULL
) ENGINE=InnoDB DEFAULT CHARSET=latin1;

--
-- Dumping data for table `tareas`
--

INSERT INTO `tareas` (`id_tarea`, `mensaje`, `importancia`) VALUES
(19, 'asdasd', 'asdasd');

-- --------------------------------------------------------

--
-- Table structure for table `tipousuario`
--

CREATE TABLE `tipousuario` (
  `id_Tipousuario` int(10) UNSIGNED NOT NULL,
  `tipo` varchar(20) DEFAULT NULL,
  `descripcion` varchar(1000) DEFAULT NULL,
  `estado` tinyint(1) NOT NULL DEFAULT '1' COMMENT '1 es activo 0 es inactivo'
) ENGINE=InnoDB DEFAULT CHARSET=latin1;

--
-- Dumping data for table `tipousuario`
--

INSERT INTO `tipousuario` (`id_Tipousuario`, `tipo`, `descripcion`, `estado`) VALUES
(1, 'admin', 'test', 1);

-- --------------------------------------------------------

--
-- Table structure for table `unidadmedida`
--

CREATE TABLE `unidadmedida` (
  `id_Medida` int(10) UNSIGNED NOT NULL,
  `nombre_medida` varchar(40) NOT NULL,
  `descripcion` varchar(50) DEFAULT NULL
) ENGINE=InnoDB DEFAULT CHARSET=latin1;

--
-- Dumping data for table `unidadmedida`
--

INSERT INTO `unidadmedida` (`id_Medida`, `nombre_medida`, `descripcion`) VALUES
(4, 'Kilogramo', 'Kg'),
(5, 'Gramo', 'g'),
(6, 'Litros', 'lt'),
(7, 'Onzas', 'oz'),
(8, 'Mililitro', 'ml');

-- --------------------------------------------------------

--
-- Table structure for table `usuarios`
--

CREATE TABLE `usuarios` (
  `id_usuario` int(10) UNSIGNED NOT NULL,
  `alias` varchar(50) NOT NULL,
  `correo_usuario` varchar(100) NOT NULL,
  `clave_usuario` varchar(60) NOT NULL,
  `foto_usuario` varchar(50) DEFAULT NULL,
  `token_usuario` varchar(100) DEFAULT NULL,
  `fecha_creacion` timestamp NOT NULL DEFAULT CURRENT_TIMESTAMP,
  `intentos` int(11) DEFAULT NULL,
  `estado_usuario` tinyint(1) NOT NULL DEFAULT '1' COMMENT '1 es activo 0 es inactivo',
  `id_Tipousuario` int(10) UNSIGNED DEFAULT NULL
) ENGINE=InnoDB DEFAULT CHARSET=latin1;

--
-- Dumping data for table `usuarios`
--

INSERT INTO `usuarios` (`id_usuario`, `alias`, `correo_usuario`, `clave_usuario`, `foto_usuario`, `token_usuario`, `fecha_creacion`, `intentos`, `estado_usuario`, `id_Tipousuario`) VALUES
(1, 'Francisco', 'stanleyvasconcelos0@gmail.com', '$2y$10$NROgL9Jx.vBLgxXln25ONeC/oL6FgJRnalIvswgyFaWDJdjisYnzm', '5d7581d672a0b.jpeg', NULL, '2019-09-08 22:33:58', 0, 1, 1);

--
-- Indexes for dumped tables
--

--
-- Indexes for table `bitacoras`
--
ALTER TABLE `bitacoras`
  ADD PRIMARY KEY (`id_bitacora`),
  ADD KEY `id_usuario` (`id_usuario`);

--
-- Indexes for table `cargo`
--
ALTER TABLE `cargo`
  ADD PRIMARY KEY (`id_Cargo`);

--
-- Indexes for table `categorias`
--
ALTER TABLE `categorias`
  ADD PRIMARY KEY (`id_categoria`);

--
-- Indexes for table `desperdicios`
--
ALTER TABLE `desperdicios`
  ADD PRIMARY KEY (`id_desperdicios`),
  ADD KEY `id_empleado` (`id_empleado`),
  ADD KEY `id_receta` (`id_receta`),
  ADD KEY `id_usuario` (`id_usuario`);

--
-- Indexes for table `detalle_pedido`
--
ALTER TABLE `detalle_pedido`
  ADD PRIMARY KEY (`id_detalle`),
  ADD KEY `id_pedido` (`id_pedido`);

--
-- Indexes for table `empleados`
--
ALTER TABLE `empleados`
  ADD PRIMARY KEY (`id_empleado`),
  ADD UNIQUE KEY `dui` (`dui`),
  ADD UNIQUE KEY `telefono` (`telefono`),
  ADD UNIQUE KEY `correo` (`correo`),
  ADD KEY `id_Cargo` (`id_Cargo`),
  ADD KEY `id_usuario` (`id_usuario`);

--
-- Indexes for table `encabezadofactura`
--
ALTER TABLE `encabezadofactura`
  ADD PRIMARY KEY (`id_EncabezadoFac`),
  ADD KEY `id_empleado` (`id_empleado`);

--
-- Indexes for table `materiasprimas`
--
ALTER TABLE `materiasprimas`
  ADD PRIMARY KEY (`idMateria`),
  ADD KEY `id_categoria` (`id_categoria`),
  ADD KEY `id_Medida` (`id_Medida`);

--
-- Indexes for table `mesas`
--
ALTER TABLE `mesas`
  ADD PRIMARY KEY (`id_mesa`),
  ADD UNIQUE KEY `numero_mesa` (`numero_mesa`);

--
-- Indexes for table `pedidos`
--
ALTER TABLE `pedidos`
  ADD PRIMARY KEY (`id_pedido`),
  ADD KEY `id_usuario` (`id_usuario`),
  ADD KEY `id_mesa` (`id_mesa`);

--
-- Indexes for table `platillos`
--
ALTER TABLE `platillos`
  ADD PRIMARY KEY (`id_platillo`),
  ADD KEY `id_receta` (`id_receta`),
  ADD KEY `id_categoria` (`id_categoria`);

--
-- Indexes for table `pre_pedido`
--
ALTER TABLE `pre_pedido`
  ADD PRIMARY KEY (`id_prepedido`),
  ADD KEY `id_mesa` (`id_mesa`),
  ADD KEY `id_platillo` (`id_platillo`);

--
-- Indexes for table `receta`
--
ALTER TABLE `receta`
  ADD PRIMARY KEY (`id_receta`),
  ADD KEY `id_categoria` (`id_categoria`),
  ADD KEY `idMateria` (`idMateria`);

--
-- Indexes for table `tareas`
--
ALTER TABLE `tareas`
  ADD PRIMARY KEY (`id_tarea`);

--
-- Indexes for table `tipousuario`
--
ALTER TABLE `tipousuario`
  ADD PRIMARY KEY (`id_Tipousuario`);

--
-- Indexes for table `unidadmedida`
--
ALTER TABLE `unidadmedida`
  ADD PRIMARY KEY (`id_Medida`);

--
-- Indexes for table `usuarios`
--
ALTER TABLE `usuarios`
  ADD PRIMARY KEY (`id_usuario`),
  ADD UNIQUE KEY `alias` (`alias`),
  ADD KEY `id_Tipousuario` (`id_Tipousuario`);

--
-- AUTO_INCREMENT for dumped tables
--

--
-- AUTO_INCREMENT for table `bitacoras`
--
ALTER TABLE `bitacoras`
  MODIFY `id_bitacora` int(10) UNSIGNED NOT NULL AUTO_INCREMENT;

--
-- AUTO_INCREMENT for table `cargo`
--
ALTER TABLE `cargo`
  MODIFY `id_Cargo` int(10) UNSIGNED NOT NULL AUTO_INCREMENT, AUTO_INCREMENT=2;

--
-- AUTO_INCREMENT for table `categorias`
--
ALTER TABLE `categorias`
  MODIFY `id_categoria` int(10) UNSIGNED NOT NULL AUTO_INCREMENT, AUTO_INCREMENT=10;

--
-- AUTO_INCREMENT for table `desperdicios`
--
ALTER TABLE `desperdicios`
  MODIFY `id_desperdicios` int(11) NOT NULL AUTO_INCREMENT;

--
-- AUTO_INCREMENT for table `detalle_pedido`
--
ALTER TABLE `detalle_pedido`
  MODIFY `id_detalle` int(10) UNSIGNED NOT NULL AUTO_INCREMENT, AUTO_INCREMENT=75;

--
-- AUTO_INCREMENT for table `empleados`
--
ALTER TABLE `empleados`
  MODIFY `id_empleado` int(10) UNSIGNED NOT NULL AUTO_INCREMENT;

--
-- AUTO_INCREMENT for table `encabezadofactura`
--
ALTER TABLE `encabezadofactura`
  MODIFY `id_EncabezadoFac` int(10) UNSIGNED NOT NULL AUTO_INCREMENT;

--
-- AUTO_INCREMENT for table `materiasprimas`
--
ALTER TABLE `materiasprimas`
  MODIFY `idMateria` int(10) UNSIGNED NOT NULL AUTO_INCREMENT, AUTO_INCREMENT=18;

--
-- AUTO_INCREMENT for table `mesas`
--
ALTER TABLE `mesas`
  MODIFY `id_mesa` int(10) UNSIGNED NOT NULL AUTO_INCREMENT, AUTO_INCREMENT=19;

--
-- AUTO_INCREMENT for table `pedidos`
--
ALTER TABLE `pedidos`
  MODIFY `id_pedido` int(11) UNSIGNED NOT NULL AUTO_INCREMENT, AUTO_INCREMENT=146;

--
-- AUTO_INCREMENT for table `platillos`
--
ALTER TABLE `platillos`
  MODIFY `id_platillo` int(10) UNSIGNED NOT NULL AUTO_INCREMENT, AUTO_INCREMENT=27;

--
-- AUTO_INCREMENT for table `pre_pedido`
--
ALTER TABLE `pre_pedido`
  MODIFY `id_prepedido` int(10) UNSIGNED NOT NULL AUTO_INCREMENT;

--
-- AUTO_INCREMENT for table `receta`
--
ALTER TABLE `receta`
  MODIFY `id_receta` int(10) UNSIGNED NOT NULL AUTO_INCREMENT, AUTO_INCREMENT=11;

--
-- AUTO_INCREMENT for table `tareas`
--
ALTER TABLE `tareas`
  MODIFY `id_tarea` int(10) UNSIGNED NOT NULL AUTO_INCREMENT, AUTO_INCREMENT=20;

--
-- AUTO_INCREMENT for table `tipousuario`
--
ALTER TABLE `tipousuario`
  MODIFY `id_Tipousuario` int(10) UNSIGNED NOT NULL AUTO_INCREMENT, AUTO_INCREMENT=2;

--
-- AUTO_INCREMENT for table `unidadmedida`
--
ALTER TABLE `unidadmedida`
  MODIFY `id_Medida` int(10) UNSIGNED NOT NULL AUTO_INCREMENT, AUTO_INCREMENT=9;

--
-- AUTO_INCREMENT for table `usuarios`
--
ALTER TABLE `usuarios`
  MODIFY `id_usuario` int(10) UNSIGNED NOT NULL AUTO_INCREMENT, AUTO_INCREMENT=3;

--
-- Constraints for dumped tables
--

--
-- Constraints for table `bitacoras`
--
ALTER TABLE `bitacoras`
  ADD CONSTRAINT `bitacoras_ibfk_1` FOREIGN KEY (`id_usuario`) REFERENCES `usuarios` (`id_usuario`);

--
-- Constraints for table `desperdicios`
--
ALTER TABLE `desperdicios`
  ADD CONSTRAINT `desperdicios_ibfk_1` FOREIGN KEY (`id_empleado`) REFERENCES `empleados` (`id_empleado`),
  ADD CONSTRAINT `desperdicios_ibfk_2` FOREIGN KEY (`id_receta`) REFERENCES `receta` (`id_receta`),
  ADD CONSTRAINT `desperdicios_ibfk_3` FOREIGN KEY (`id_usuario`) REFERENCES `usuarios` (`id_usuario`);

--
-- Constraints for table `detalle_pedido`
--
ALTER TABLE `detalle_pedido`
  ADD CONSTRAINT `detalle_pedido_ibfk_1` FOREIGN KEY (`id_pedido`) REFERENCES `pedidos` (`id_pedido`);

--
-- Constraints for table `empleados`
--
ALTER TABLE `empleados`
  ADD CONSTRAINT `empleados_ibfk_1` FOREIGN KEY (`id_Cargo`) REFERENCES `cargo` (`id_Cargo`),
  ADD CONSTRAINT `empleados_ibfk_2` FOREIGN KEY (`id_usuario`) REFERENCES `usuarios` (`id_usuario`);

--
-- Constraints for table `encabezadofactura`
--
ALTER TABLE `encabezadofactura`
  ADD CONSTRAINT `encabezadofactura_ibfk_1` FOREIGN KEY (`id_empleado`) REFERENCES `empleados` (`id_empleado`);

--
-- Constraints for table `materiasprimas`
--
ALTER TABLE `materiasprimas`
  ADD CONSTRAINT `materiasprimas_ibfk_1` FOREIGN KEY (`id_categoria`) REFERENCES `categorias` (`id_categoria`),
  ADD CONSTRAINT `materiasprimas_ibfk_2` FOREIGN KEY (`id_Medida`) REFERENCES `unidadmedida` (`id_Medida`);

--
-- Constraints for table `pedidos`
--
ALTER TABLE `pedidos`
  ADD CONSTRAINT `pedidos_ibfk_1` FOREIGN KEY (`id_mesa`) REFERENCES `mesas` (`id_mesa`);

--
-- Constraints for table `platillos`
--
ALTER TABLE `platillos`
  ADD CONSTRAINT `platillos_ibfk_1` FOREIGN KEY (`id_receta`) REFERENCES `receta` (`id_receta`),
  ADD CONSTRAINT `platillos_ibfk_2` FOREIGN KEY (`id_categoria`) REFERENCES `categorias` (`id_categoria`);

--
-- Constraints for table `pre_pedido`
--
ALTER TABLE `pre_pedido`
  ADD CONSTRAINT `pre_pedido_ibfk_1` FOREIGN KEY (`id_mesa`) REFERENCES `mesas` (`id_mesa`),
  ADD CONSTRAINT `pre_pedido_ibfk_2` FOREIGN KEY (`id_platillo`) REFERENCES `platillos` (`id_platillo`);

--
-- Constraints for table `receta`
--
ALTER TABLE `receta`
  ADD CONSTRAINT `receta_ibfk_1` FOREIGN KEY (`id_categoria`) REFERENCES `categorias` (`id_categoria`),
  ADD CONSTRAINT `receta_ibfk_2` FOREIGN KEY (`idMateria`) REFERENCES `materiasprimas` (`idMateria`);

--
-- Constraints for table `usuarios`
--
ALTER TABLE `usuarios`
  ADD CONSTRAINT `usuarios_ibfk_1` FOREIGN KEY (`id_Tipousuario`) REFERENCES `tipousuario` (`id_Tipousuario`);
COMMIT;

/*!40101 SET CHARACTER_SET_CLIENT=@OLD_CHARACTER_SET_CLIENT */;
/*!40101 SET CHARACTER_SET_RESULTS=@OLD_CHARACTER_SET_RESULTS */;
/*!40101 SET COLLATION_CONNECTION=@OLD_COLLATION_CONNECTION */;
